G16PRERTru_x,G16PREDCli_x,G16PREIDeL_x,G16PRELJoh_x,join_col
0,0,0,0,12-51858
0,0,0,0,Summit 13374
0,2,0,0,16-51877
2,1,0,0,19-61895
3,29,0,6,Courthouse 23317
4,1,0,0,Apison 33375
5,1,0,0,Concord 53330
6,28,0,1,14-41866
6,40,0,0,Eastside 23332
9,40,0,5,Alton Park 23368
10,4,0,0,Ooltewah 33358
11,69,0,0,20-11896
12,116,0,8,18-11885
12,530,0,3,Memphis 128104
12,756,3,4,Memphis 50-18145
13,738,2,2,5-1 Whitehall Elementary School5653
14,1,0,0,Harrison 63428
14,8,0,4,Mountain Creek 23392
15,1043,4,9,Memphis 618171
15,1288,2,5,21-11899
18,1,0,1,Collegedale 63400
18,128,1,3,Amnicola3372
18,1239,3,5,Memphis 60-98170
19,963,2,4,Memphis 138105
20,23,0,0,Kingspoint 33303
20,53,0,6,Summit 43382
21,99,0,2,15-51872
22,979,1,2,Memphis 34-28120
22,1352,0,7,Memphis 76-58205
23,19,0,3,23-51911
23,56,0,2,18-51889
23,1308,1,11,Memphis 75-18200
24,1328,7,2,Memphis 50-28121
25,587,0,4,Memphis 84-28228
25,1824,2,9,Memphis 498144
27,19,0,3,Ooltewah 63424
28,2098,5,9,Memphis 75-78203
29,47,0,3,Woodmore 23320
30,1332,4,7,Memphis 60-38164
31,10,0,0,Clinchmore0614
31,463,1,4,144873
31,1592,6,12,Memphis 76-48204
31,1816,2,8,Memphis 47-18142
32,803,1,5,Avondale3394
32,1558,7,11,Memphis 41-38130
33,4,0,1,Collegedale 53345
33,6,0,0,Catons Chapel 27972
33,8,0,0,1 Allandale Outside3807
33,19,0,1,Soddy Daisy 43412
34,14,1,3,Orme5759
34,34,0,2,St Elmo 23367
34,1086,1,14,Bushtown3373
34,1193,4,11,1-51805
35,1347,3,8,Memphis 79-78214
35,1610,4,6,Memphis 42-18131
35,2587,6,9,Memphis 75-68202
37,912,2,12,Memphis 52-18146
37,1937,5,9,2-11806
38,763,1,6,Memphis 92-18243
39,483,0,4,19-51894
40,640,1,10,5-41824
40,863,6,3,5-2 Macedonia Baptist Church5654
41,11,0,2,2 Church Hill Outside3810
41,22,0,2,Hubbard's Cove3159
41,1407,1,2,Memphis 268113
43,1033,1,4,Memphis 60-68167
44,1490,1,10,Memphis 218111
45,150,0,17,17-3 Wesley Foundation7688
45,365,0,2,2-31808
45,790,1,8,Memphis 60-58166
46,17,0,6,10-W4893
46,408,1,8,East Chattanooga 13300
48,2437,3,6,Memphis 75-118201
49,6,0,2,Jones Cove 27971
50,57,0,4,Mountain Creek 33406
51,9,0,1,Houston Valley1418
51,2157,3,12,Memphis 76-68206
52,5,0,0,1-3 Edgar Evins State Park2151
52,857,1,9,Dalewood3308
53,15,0,0,Lookout Valley 23364
53,27,2,0,Rosedale0024
53,1036,0,9,2-41809
54,560,0,4,Memphis 82-28224
54,606,3,4,Memphis 838226
54,1116,4,7,Memphis 118103
54,1968,5,2,Memphis 59-58161
57,349,0,16,94861
57,944,2,5,1-2 Mt. Moriah Baptist Church5652
59,11,0,1,Pleasant Grove 23401
59,14,0,3,Happy Valley0435
60,61,0,12,Concord 63425
61,816,0,3,Memphis 73-18191
63,177,0,9,Ridgedale 23420
64,429,1,3,01 Christ Temple Apostolic Church3904
64,916,4,25,21-31901
64,1858,2,13,Memphis 78-38210
65,18,0,1,Bolestown7057
67,2444,7,11,Memphis 79-18211
70,500,0,13,32-21945
72,27,0,0,4-1 Gibson Hall1212
72,150,2,2,09A Stanton City Hall3910
72,1230,3,6,Memphis 378125
74,17,1,2,National Guard Armory0922
74,2101,1,8,Memphis 79-38213
75,11,0,1,5-13 Braden Chapel Church9008
75,1291,1,7,Memphis 74-98199
75,2145,4,9,Memphis 45-28138
76,6,1,3,4 Gray City9337
76,26,0,2,Collins3154
77,1819,2,7,Memphis 79-28212
78,436,1,4,7-1 UT Agricultural Experiment Station5656
78,1089,3,10,124865
79,20,0,0,White Hill Community Cntr.9107
79,1648,3,5,Memphis 77-38209
80,6,0,1,Tarlton3151
80,1009,1,27,19-31892
80,2239,3,11,Memphis 77-18207
82,56,0,6,Concord 73305
83,31,0,2,Ooltewah 53360
84,42,1,4,Griffith0305
85,21,0,0,Barnes Ridge7059
88,7,0,2,3rd Beacon2063
89,221,1,19,Murray Hills 23356
89,546,0,4,08 St. James Baptist Church2756
89,775,3,8,2-51810
90,18,0,5,14 Vale0811
91,9,0,1,3-1 Christian Chapel4012
91,1250,2,4,Memphis 94-68244
93,1708,4,15,2-21807
94,1380,3,47,Alton Park 13419
96,51,1,4,4 Shiloh3716
98,19,0,0,5-3 Sherwood2661
98,41,0,5,7-2 Cumberland Gap1209
99,95,1,3,5 Guys6165
99,674,0,11,East Chattanooga 23421
100,1180,0,11,Woodmore 13391
101,36,0,1,4-2 Rock Castle2162
102,1857,4,24,Memphis 20-38110
103,724,1,15,Glenwood3411
104,47,0,5,31 Cherokee City9331
104,167,1,6,204863
106,2166,4,20,3-51815
107,133,0,9,Tyner 23340
107,276,1,11,17-2 Kingwood Heights Church of Christ7687
108,21,0,0,1 Tiptonville Senior Center4951
108,30,0,5,East Jamestown2563
108,116,0,11,13-41862
108,176,0,23,50-N4858
108,1662,1,14,Ross Store 158268
109,79,0,3,3-21812
109,223,1,16,19-W4894
109,224,0,17,16-41876
110,17,0,4,4-3 Liberty1216
110,28,0,4,401 Brush Creek6957
111,1412,9,32,Memphis 36-28123
111,2225,2,16,Memphis 60-78168
112,62,0,7,Lee Station0306
112,120,2,3,7 High School8807
113,510,4,27,5-31823
114,486,0,4,09 Humboldt Lane Chapel2757
115,18,0,3,4 Upper Beech3806
115,23,0,1,20 Westport0813
115,28,1,1,11 Buena Vista0819
115,1286,1,9,Memphis 70-28184
116,48,0,4,04C Poplar Grove Community Center7275
116,1990,2,12,Ross Store 148267
117,37,0,0,2A Springtown Firehall7160
117,688,1,30,17-31880
118,1597,3,6,Memphis 93-18245
119,79,0,12,1B6479
119,207,0,34,17-51882
119,619,4,22,17-21879
119,857,6,31,6-31828
120,1552,4,30,Memphis 31-48118
121,120,0,21,Ridgeside3409
123,29,0,2,08E Buffalo Valley7270
123,397,2,25,Memphis 338119
123,469,1,39,Eastgate 13312
124,128,1,2,10 Humboldt High School2758
125,48,0,6,Lodge5756
125,586,3,14,5-11821
127,38,0,2,5-1 Keith Springs2659
127,555,2,5,F - Dyer County Central2361
127,831,0,19,8-11837
128,66,0,5,Petros 6-26653
129,40,1,5,Beersheba3152
129,403,0,21,3-31813
129,1340,1,65,5-51825
131,15,0,1,9th Beacon2061
132,673,2,34,154867
132,1692,5,7,Memphis 73-38192
134,26,0,3,Liberty2060
135,33,0,3,Travisville7055
138,24,1,1,Elk Mills0914
138,38,0,5,Elder Mountain5751
138,295,0,25,North Chattanooga 23405
139,331,0,7,03 Jefferson Court Community Building3903
140,1515,2,19,Memphis 87-28061
141,48,0,1,9-1 Clairfield1202
141,832,1,17,Kingspoint 13396
141,1250,1,66,7-31833
141,2367,5,18,Memphis 71-48187
142,33,0,6,Cross Roads3157
142,440,2,11,19-E4804
142,560,0,51,Ridgedale 13377
143,135,0,5,Harrison 13357
143,1686,1,27,21-21900
144,67,0,3,Gassaway0702
145,1299,3,43,Memphis 31-28117
146,27,0,6,7 Macedonia0802
146,37,0,5,102 Marsh Creek6958
147,472,1,22,17-71884
147,921,3,2,Memphis 88-48234
148,54,0,7,6th3506
148,530,3,6,Grand Junction3613
149,36,0,1,3 Eagle Creek Fire Hall9408
149,44,1,2,White Oak0619
149,176,0,23,Downtown 13403
149,576,0,58,24-41915
149,665,4,3,Memphis 69-28182
150,56,1,5,Dill0304
150,1751,5,7,Memphis 72-38189
151,123,0,5,1-24508
152,23,0,1,5 Cypress6166
152,130,0,22,Kingspoint 23366
153,15,0,1,7-1 Middleburg4014
153,2005,3,15,Memphis 74-28195
154,92,2,4,9 City8809
154,594,1,30,18-21886
155,16,0,1,4-2 Howard's Quarter1214
156,32,0,3,Boom7058
156,36,0,1,2 Greasy Creek Comm. Club7158
156,242,1,7,51608
157,63,2,3,2 Short Mountain0708
158,1779,2,38,Eastdale3410
159,114,0,7,1 Senior Center8801
160,249,3,12,16-21874
160,527,0,47,Courthouse 13323
162,33,0,1,Chestnut Ridge 4-36655
162,35,0,2,Moodyville7056
162,38,0,0,Perryville2062
162,1343,4,4,Memphis 70-18183
162,2284,7,19,Memphis 94-38248
163,22,0,6,3-2 Paint Rock7759
163,610,3,5,Ripley 45056
164,46,0,4,202 Pope6960
164,318,0,24,14-31865
164,414,3,4,6B BMS Bridgeforth Middle School2862
165,1138,3,79,6-11826
166,42,1,6,6-1 Belk2166
167,548,0,23,Eastgate 23325
167,2477,4,23,Memphis 94-78250
168,31,0,4,302 Flatwoods6959
168,52,0,8,10-21845
168,407,1,6,29 Milan Polk Clark2768
168,1585,3,8,Memphis 90-38240
170,472,2,7,Whiteville3603
171,64,1,6,1-1 Jera Building4408
171,837,2,49,Memphis 178108
173,50,0,6,Waldens Ridge5765
173,117,0,4,05-2 Beersheba Towers9208
173,532,1,5,7-3 Denmark West Community Center5658
174,36,0,5,07-2 Pleasantville4211
174,515,3,24,1-1 Carl Perkins Civic Center5651
175,286,2,18,50-S4860
176,263,1,24,13-21860
178,50,0,3,Pelham3158
178,1076,11,25,134871
179,1541,7,18,Memphis 72-78190
180,47,0,5,Central3155
184,64,0,3,"1-2 Sparta Civic Center, County9609"
184,362,1,4,02 Parks & Recreation Dept3901
185,42,0,1,4-1 Maple Grove1301
186,40,0,6,Deer Lodge 4-26661
186,45,0,1,07-4 Coble4214
186,45,0,4,7 Bulls Gap Inside3823
186,68,0,2,Palmer3162
187,63,0,4,2 Clifton9401
188,260,1,14,30-31938
189,31,1,6,Kodak 27974
190,39,1,6,Watauga0920
190,613,2,29,31-11940
190,1249,3,50,6-51830
191,51,1,2,02-2 Fairfield4205
191,1081,5,51,17-11878
192,416,0,21,16-11873
192,693,2,20,304868
193,34,2,3,Rankin1413
193,69,1,10,33-11948
193,1954,1,21,Memphis 74-18194
194,54,0,14,Cummingsville Community Cntr9106
194,90,0,2,2-24502
195,72,0,4,2-2 Dowelltown2160
195,159,0,3,101605
195,396,0,45,10-S4832
195,1557,4,73,5-21822
196,35,0,4,3-4 Masseyville1111
196,48,0,4,1-2 Temperence Hall2159
196,2966,3,14,Ross Store 168269
197,83,0,6,5-2 Pea Ridge1304
197,736,1,16,29-31934
198,40,1,6,River Canyon5761
199,70,0,14,Collegedale 33379
200,1773,4,17,Memphis 94-88251
201,23,2,3,5 Wayne Co. High School9414
201,114,0,6,8 Willard8808
203,48,1,2,Mossy Grove 2-26657
204,43,0,4,3 Purdy6161
204,869,2,24,Memphis 88-28232
205,51,0,2,Elora Community Center5366
205,59,0,8,4 Short Mountain0709
205,66,0,5,Pinecrest0612
207,24,0,1,6 Olive Hill3711
208,52,1,9,1-6 Harmony1109
209,55,1,5,College Hill0601
209,1354,4,7,Memphis 74-58197
209,2256,3,21,Ross Store 058265
210,44,1,6,6 Clinch3818
210,89,1,4,19 Concord0806
210,93,1,6,4 Halltown8804
212,25,0,5,Flat Top Mountain3416
212,34,0,6,Nine Mile0310
214,19,0,1,Pocahontas3611
215,88,0,12,1-41804
215,409,0,5,Henning5064
216,56,0,6,4 Dykes3805
217,2877,4,24,Ross Store 138266
218,66,0,9,Pleasant Ridge0707
219,32,1,4,Midway1715
219,109,0,8,12 Edison2760
220,77,0,5,5-1 Arcot/Beech Bethany1302
220,850,3,32,Eastside 13378
221,31,1,3,Johnson School House7474
221,66,0,2,07-1 Nunnelly4213
221,158,0,3,15 La Grange2459
221,278,3,22,8A6451
222,55,1,10,6-1 Iron City5171
222,439,1,24,5B6476
222,786,0,31,8-21838
223,26,0,3,3-6 Deanburg1110
224,96,0,3,6-14501
224,101,1,4,Saulsbury3612
224,761,2,17,3-61816
225,73,1,5,01-1 Nunnelly4212
226,97,1,7,7-4 Mercer Fire Station5659
227,25,0,4,Elk Valley0605
227,30,0,3,5th3505
227,1875,6,15,Memphis 90-28239
228,51,1,4,Oliver Springs7466
229,76,0,4,201 Pineview6951
230,36,0,11,4th3502
230,38,0,3,Little Milligan0913
231,39,1,3,West Fentress2560
231,49,1,6,Kelly's 6-16660
231,93,0,6,6-4 Medon City Hall5661
232,42,0,4,Pall Mall2559
232,1355,3,13,Memphis 58-18158
233,36,1,3,3 Beech Creek Fire Hall9402
234,44,0,3,Well Springs0617
235,83,1,7,6-2 Keltonburg2165
236,37,0,5,Edith5053
236,67,0,14,7-1 Jeanette2057
237,97,0,6,10 Providence8810
237,108,0,20,Valdeau3324
238,16,1,4,3-3 Darden4008
239,365,2,26,17-61883
240,46,0,7,101 Cedar Creek6954
240,320,2,2,Dixie Hills3610
241,259,0,6,09B West Side Church of Christ3914
242,54,0,5,34 Laneview2775
242,70,1,6,9-2 Summitville Community Center1523
243,42,3,5,Briceville0002
243,153,0,9,Concord 33427
244,60,3,2,18 Cannon0814
244,76,0,7,Cedar Grove Community Cntr.9101
244,125,1,3,71610
244,654,1,17,Lake Hills3302
245,24,0,5,12-1 Prince Tree Service5174
246,75,0,4,2-14509
247,80,1,9,6 Walnut Grove8806
247,874,4,46,114875
247,1302,2,17,Bonny Oaks3422
248,118,0,11,16 Marvin's Chapel9329
249,32,0,8,Luminary0307
249,43,1,6,58-N4895
249,49,1,3,Scotts Hill2051
249,55,1,9,12C Brotherton7260
250,952,0,63,Downtown 23318
251,48,0,4,5-2 Gandy5172
253,57,2,8,"6-1 Central View School, County9602"
254,61,0,8,301 Coon Creek6953
254,635,3,81,10-N4862
254,926,2,18,12-1 Bransford School7568
255,59,0,9,3 Beech Grove8803
256,50,0,11,3-1 Lone Mountain1207
257,59,1,10,403 Lobelville Elem. School6952
257,66,0,7,2 Lawton6162
258,443,2,4,07 Delta Heritage Center3912
260,47,0,3,C - Roellen2355
260,68,1,5,Whitwell Mtn. FD5767
260,79,2,10,22 Fairhaven Outside9314
261,68,0,3,Mulberry Fire Hall5365
261,92,3,13,2 Cato8802
262,43,0,6,5-1 Johnson Chapel2164
262,55,0,6,4 Kepler3802
262,100,1,10,Apison 23393
262,210,1,23,16-2 Mitchell-Neilson Primary School7684
262,535,1,20,10-51848
263,31,1,4,6 Holly Creek Fire Hall9406
263,56,1,10,21 Asbury9328
263,1168,4,38,32-41947
264,47,0,8,2-2 South Haven4013
265,48,2,5,3rd3503
265,59,0,6,3 Rushing Springs6859
265,107,1,9,Haletown-Ladds5753
265,1054,2,77,19-21891
267,71,0,3,3-2 Centerpoint5169
267,71,0,8,Newcomb0620
267,78,1,18,09-2 Viola Valley Comm. Center9215
267,85,1,10,5 Templow8805
267,133,3,14,Erin City Hall4303
269,1061,6,9,Memphis 93-38246
270,61,0,3,6-3 Blue Springs2154
270,82,2,8,4 McLemoresville0810
270,208,1,16,7A GCHS Giles County High School2863
271,58,2,17,05-2 Middle School4207
271,73,0,11,Dutch Valley0008
271,82,0,6,Oak Hill7052
271,95,0,6,3-14504
272,130,0,7,1-14507
275,72,2,14,08-3 Bonner Church of Christ9213
275,571,0,27,29-11932
275,2130,2,17,Forest Hills 38084
276,74,4,19,Cherokee7455
277,80,3,8,4-29805
277,86,3,5,5 Saltillo3718
277,91,2,19,05-3 Shady Grove4208
278,530,2,30,30-11936
279,312,2,6,Armory5362
280,42,0,6,1 Lavinia0816
280,96,0,5,3-3 Walnut Grove2655
280,489,3,8,4-2 Andrew Jackson School5674
283,59,3,3,1-2 Grandview7352
284,106,0,5,22 McKenzie City hall0818
285,34,1,3,2nd3501
285,53,1,4,2-1 Liberty2152
285,56,0,11,Mt.Crest0309
285,183,1,21,17 National Guard Armory1517
286,108,0,4,Spencer 19104
286,759,4,72,19-41893
287,50,1,8,1 McNairy6154
287,88,1,4,Shellmound5763
288,90,2,3,Burrville 5-26659
290,62,0,4,Lacy3606
291,43,0,3,Hornsby3609
291,64,0,15,Meadowview3426
291,155,0,4,McBride5058
291,1029,2,58,7-11831
292,89,1,9,Spencer 59105
292,144,1,3,Conner5059
292,485,1,32,184877
294,108,0,4,601 Lobelville City Hall6956
295,92,1,2,2-3 Snows Hill2161
296,34,2,3,5-2 CLOVERDALE6759
296,36,0,6,Luttrell5451
296,65,0,6,1-5 Sweet Lips1104
296,272,2,9,Ripley 25054
297,24,0,5,5 Lutts9405
297,62,1,13,39 Currie2778
297,68,0,5,4-14511
297,94,0,7,11-1 Midway Community Center9218
297,118,0,6,5-24505
297,3280,9,33,1-31803
298,50,0,0,37 Good Luck2776
298,894,1,13,2-1 Alexander Elementary School5671
299,52,1,6,Belleville Community Center5364
299,278,2,28,Highland View0014
300,32,1,5,3 Leapwood6160
300,57,0,7,1 Armory3702
300,215,3,13,234859
301,42,1,3,9-2 Hydro2059
301,55,1,6,Midway7454
302,65,1,3,3-3 Brock Community Center9001
302,88,0,5,Auburntown0706
303,60,0,3,Grassy Fork1408
303,91,4,14,Lake City0015
304,78,0,8,4-24512
304,645,1,23,9-21842
305,105,2,9,501 Perry Co. Courthouse6955
305,220,0,4,3 Celina1305
305,221,2,14,Highland5959
306,84,2,2,9-15259
306,110,3,14,Erin Elementary School4305
306,136,0,11,Northwoods 23331
306,218,2,46,34-21954
306,1333,4,54,Memphis 36-18122
307,46,0,5,7 Buffalo River Fire Dept.9410
307,98,1,6,3rd Decaturville2053
307,1149,3,26,28-21930
308,71,0,2,Lightfoot5060
309,57,1,9,Grassy Cove1710
309,58,1,11,Oakdale 2-36662
309,683,4,93,St Elmo 13407
309,1009,2,26,26-11922
310,60,2,8,3 Southside3713
310,161,2,12,1-21802
311,53,0,7,5 East View6164
311,54,0,3,3 Watterson3819
311,92,1,4,5-14506
311,106,1,7,5th Parsons2055
311,827,2,25,5-2 Sewanee2660
312,116,0,15,Armory4301
313,203,2,33,Hixson 13418
314,51,0,7,40 Embreeville9304
314,66,1,11,Range0903
314,133,1,19,Arlington Sr. Citizens Cntr4302
318,48,1,3,7-3 Scotts Hill4009
318,118,1,3,3 Poteet6856
318,132,1,10,Houston Co. Middle School4306
318,583,1,13,Forest Hills 28083
319,30,0,1,4 Shawnatee9403
319,48,0,4,5-1 Pine Hill7760
319,53,0,3,2 Walkers3701
319,2060,8,25,Memphis 868229
320,53,0,6,Nankipoo5062
321,52,0,8,Dorton1707
321,91,1,6,3-2 Old Bells Fire Station5679
321,902,3,36,7-21832
322,626,3,30,30-21937
323,106,0,11,91604
324,50,1,6,Silerton3607
324,101,0,7,05-1 Mt. Pleasant4206
324,379,1,6,08 Douglas Community Center3913
324,521,0,33,Oak Ridge City Hall0021
325,1337,6,24,Memphis 58-48159
326,62,1,10,574810
327,96,2,12,4-2 Butlers Landing1306
327,97,0,13,3-1 Calvary Chapel2258
327,107,0,6,13 Hollow Rock0815
327,881,5,46,Memphis 288114
328,42,0,8,1 Finger6159
328,78,1,8,Middlesettlements0407
328,157,2,16,09 Ingleside School6055
328,870,0,79,64864
329,70,1,6,6th Parsons2056
329,71,1,3,3-24510
329,77,1,3,8-15258
330,69,1,3,3-2 Springville4111
330,279,1,34,Red Bank 23414
331,82,0,11,4-1 Belvidere2656
331,128,1,12,4 Electric Co-op7858
331,130,1,5,Griffin Chapel Church4307
332,36,0,5,Brayton0302
332,112,1,2,31609
332,1642,2,105,6-21827
333,139,0,9,Mentor0409
333,143,1,14,05F Dry Valley7274
333,291,2,13,6A MMC Martin Methodist College2861
334,112,0,11,Stewart Community Center4304
334,1153,1,78,7-41834
335,774,2,27,28-31931
336,137,2,20,02 Saint Paul United Methodist Church1502
336,181,0,11,35-21959
336,357,4,24,12-3 LaVergne High School7699
337,66,1,12,35 Limestone9305
337,81,0,8,Coalmont3160
339,69,0,6,Foster Falls5752
339,98,1,10,1-1 St. Joseph5170
339,706,4,36,7-61836
340,54,0,6,7th3507
340,93,0,9,6-24503
340,136,0,8,12 Williston2458
341,53,0,6,Chanute7053
343,79,0,10,11-2 Heads Free Will Baptist Church7566
344,47,0,3,Armathwaite2551
345,65,1,6,Alder Springs0616
345,68,2,3,2-1 Elgin7758
346,507,3,22,Martin Luther King0411
348,64,0,5,7 Whites3709
348,66,1,7,1st3504
348,830,4,47,13-11859
350,47,0,2,11602
350,197,0,5,Gates5052
350,286,6,28,Woodland0027
350,442,1,27,10-61849
351,67,0,8,Whites 27961
352,71,1,4,Bakewell 13343
352,92,2,12,01-2 Pinewood4201
352,136,0,7,3-2 Fire Station #104006
352,628,3,29,Airport3389
353,67,2,5,9-2 Mars Hill5159
353,101,1,10,Piney Fire Hall9102
353,125,1,15,12-2 Lucky Community Center9221
353,212,2,11,19 CD Stamps Center1519
353,594,2,20,33-41951
354,62,0,1,10-1 Spring Creek Fire Station #75683
354,79,0,8,Molino5351
354,94,2,12,9-1 Graysville7361
354,104,2,4,18 Kenton2772
354,426,3,9,04 Chamber Basement3902
355,38,0,5,6 Rhodes3712
355,568,1,21,East Lake3395
356,49,0,4,3 Crazy Horse9409
356,71,1,1,6 Cerro Gordo3706
356,512,3,26,174876
357,66,0,3,5-5 SAMBURG6755
357,193,2,12,1-15254
357,1387,4,99,6-41829
358,68,0,8,14 Brazil2761
358,92,0,14,Howell5355
358,198,0,73,Collegedale 23349
358,770,6,71,494834
359,78,1,3,9-1 Ethridge5173
359,102,2,10,1 Courthouse6554
360,63,0,8,7 Stantonville6163
361,68,2,9,2-2 Goin1205
361,76,0,12,04 Gibson2753
361,102,0,9,Soddy Daisy 33333
362,39,0,1,5 Big Cypress9413
362,70,1,6,Flag Pond8908
362,91,1,7,6-2 South Elementary School5662
362,1842,4,35,32-11944
364,123,0,9,2B Airport2852
365,69,1,7,41601
365,294,2,38,03A University7256
367,104,3,8,Arp5055
367,151,3,14,1-2 West Loretto5154
367,1514,8,35,Memphis 88-38233
369,94,0,5,Community Center7054
369,144,0,13,16-1 Rotary Park5166
370,100,2,10,New Hope5758
370,1444,4,71,18-41888
371,97,0,11,6-2 West Point5156
372,66,0,5,2-1 Jacks Creek1107
372,91,0,2,Fall Creek Falls Comm. Center9103
372,214,2,33,Summit 23383
373,79,1,7,3A Trade4710
373,109,1,8,10-2 Centertown Comm. Ctr.9217
373,1107,2,49,32-31946
375,47,0,6,C-Tatumville2354
375,117,1,12,07 Calhoun School6062
376,53,0,9,Habersham0618
376,84,1,4,South Lincoln5370
377,106,2,5,9-29812
378,58,0,5,Petersburg5356
378,68,2,15,Taft Baptist Church5353
378,76,0,3,Kelso Cumberland Presbyterian Church5368
378,83,3,6,4-1 Thorn Hill Comm. Blg.2956
378,226,1,10,05-1 Three Star Mall9207
378,502,0,7,13 Moscow2457
379,98,0,9,Cold Springs0303
380,19,0,8,7-4 Sardis4015
380,82,0,7,1-2 Enville1108
380,109,0,9,3 Court House7859
380,1329,0,53,Memphis 16-38106
381,77,0,10,2-3 Sandlick1211
381,85,2,13,111606
381,477,2,7,4 Braden2462
383,94,1,8,12 Princeton9326
383,120,1,9,6-15256
383,169,0,12,6-1 City Hall1106
383,212,1,6,Toone3608
384,68,2,16,Paint Rock7473
384,70,0,4,21603
384,72,2,6,Crab Orchard Town Hall1706
384,88,0,10,3 Ducktown Courthouse7154
384,126,0,11,3 City Hall6254
384,780,3,101,20-21897
385,41,0,4,Rinnie1720
385,55,0,11,03 Central High School6065
385,58,2,12,11-23266
385,113,3,8,West LaFollette0603
385,122,2,9,12-1 Northside Baptist Church9220
385,1352,2,104,17-41881
387,78,1,6,Cocke County High School1402
388,338,1,22,06 Martin Trinity Presbyterian Church9510
389,61,0,8,2-2 Robbins7751
390,88,1,1,2 Monroe6854
390,88,1,14,2-1 Bean Station Ele. School2957
391,1288,2,18,College Hill5963
392,58,1,6,7 Walnut Grove3715
393,86,0,3,3-2 Cedar Grove Community Cen.9004
393,137,1,8,Monteagle3161
394,70,1,9,"4-1 Woodland Park School, County9605"
395,101,0,9,Courthouse2554
396,78,0,1,17 Yorkville2771
396,851,0,62,7-51835
397,71,1,10,Bridgeport1417
397,95,3,9,Glen Alice7470
398,77,1,7,2 Forge/Shouns4701
399,84,0,6,Fishery8905
402,618,1,49,8B6480
403,89,0,9,61612
403,108,1,11,08G Upperman7271
403,1307,4,30,Memphis 81-58221
404,71,2,9,12-2 Henryville Community Club5162
404,168,2,22,03-1 Westwood Church of Christ9204
405,126,3,9,"2-2 Woodland Park School, County9610"
407,198,0,17,Monteagle5757
407,553,6,8,Memphis 62-08172
408,358,3,16,4-1 Grove4110
408,615,0,41,314870
409,58,0,11,7 Bulls Gap Outside3822
409,701,0,58,24-31914
410,85,1,3,39 New Salem9302
411,310,1,27,4-5 Bud's Tire7700
412,176,1,9,8-4 East Union Ruritan Center5664
412,365,3,34,Norris0018
413,216,3,11,30 Milan Assembly/God2769
414,98,2,6,8-1 Beech Bluff Baptist Church5666
414,198,1,9,Pikeville0311
414,518,1,67,484801
416,89,3,11,Emory Heights7460
419,93,2,7,Armory1411
419,93,0,13,6 Daus7854
419,791,2,35,30-41939
420,197,1,7,3 Garnett2464
420,297,1,8,Hickory Valley3602
420,582,6,33,21A6474
421,45,0,1,7-2 Reagan4010
421,101,1,10,08D Boma7272
421,1585,3,88,Memphis 20-18109
422,72,0,4,1 Olivet3707
422,115,1,4,121607
423,77,1,6,7-15257
423,957,2,124,21-41902
425,235,2,9,06 Carthage8305
426,701,4,10,Bolivar3601
427,48,0,6,27 Skullbone2766
427,84,0,11,81611
427,968,0,80,24-51916
428,77,1,11,Long Creek1401
429,89,0,14,2 Hermitage Springs1307
429,104,0,4,6-2 OBION6758
430,110,1,15,5 Rogersville North Inside3814
431,64,0,7,Catlettsburg 17973
434,72,1,11,13-2 Grace Baptist Center1513
434,100,0,8,3-1 South East Lawrence5153
434,348,0,62,26-41925
435,78,1,6,3-15253
436,126,1,9,7 City Justice Center7857
437,97,3,7,2-15251
437,168,1,10,High School7051
438,103,1,5,5 Cedar Grove0804
438,140,0,9,3 Courthouse6252
438,142,1,11,12 Bruceton0803
438,450,0,8,10 Haywood Junior High3905
440,86,0,3,Temple Hill8903
440,1147,1,50,9-11841
440,1190,4,47,Memphis 44-58136
441,89,0,4,8th Parsons2058
442,58,1,7,26 Union Central2765
442,69,0,7,1-3 Buchanan4107
442,73,1,9,Siam0909
442,191,0,18,774821
442,194,2,8,16 Atwood0817
443,154,0,10,4th Decaturville2052
443,520,2,25,Lucy 38099
444,142,1,15,Central1416
445,54,2,11,Bellview0301
445,97,4,15,784819
445,170,4,22,Rockwood Ward 17471
447,51,0,10,4B Butler4702
447,112,0,7,Emory7461
447,228,0,12,10 Tennessee College of Applied Technology6056
448,60,1,5,8-1 Rogers Mill1217
448,74,2,7,4-15252
450,60,0,7,6 Alumwell3812
451,73,1,8,4A Dry Run4709
451,130,2,19,1-4 Burwood Community Center9704
451,720,4,74,4-21818
452,534,2,55,15-41871
453,87,1,9,Clinton Middle School0007
453,133,3,15,Midtown7463
454,115,1,11,Limestone Cove8907
455,104,0,4,Lafayette Elementary School5560
455,334,3,17,Hardison School5857
455,827,3,13,McConnells8100
455,1858,2,138,18-31887
456,133,0,11,Dunbar2054
457,353,3,35,Concord 23304
458,108,1,12,5 Motlow College6555
458,108,1,28,Middle Valley 23417
458,161,1,21,03-2 Smartt First Baptist Church9205
458,176,2,6,6-1 Alto/Oak Grove2662
458,178,0,8,1-2 Beaver4002
459,110,0,11,6B6473
461,61,1,11,Rigsby0312
461,185,0,14,I - Community Center2364
461,201,0,8,05 Tibbs Fire Station3906
465,445,3,51,344882
465,589,1,83,Riverview3348
466,84,0,10,Del Rio1404
466,138,1,15,2 Trezevant0801
467,90,1,7,5-15255
467,97,4,9,Pine Haven2555
468,137,0,5,1 Bethel Springs6158
469,185,3,10,04B Monterey High School7273
469,565,2,53,28 South Side9319
470,137,2,5,07-3 Brushy4210
471,77,1,10,3A Cooper Basin High School7155
471,284,1,39,Concord 13315
472,124,0,30,Falling Water3423
473,80,0,7,4-3 Liberty2658
473,97,3,17,4 Elementary School6552
473,108,1,10,3B Turtletown7161
473,131,0,16,Altamont3153
474,129,0,16,21-29828
475,82,1,5,5-1 Leoma School Gym5155
475,245,2,9,17 Senior Citizens0808
475,271,0,15,8-1 Decherd2667
476,445,3,24,20-19826
478,100,0,5,1 Dentons Cross Roads1303
478,281,1,3,06 Wyatt-Duke National Guard Armory3915
479,118,2,8,02-2 Warren County Airport9203
480,39,0,6,Midway0921
481,556,3,60,Missionary Ridge3336
482,102,1,10,9-1 Pocahontas Community Center1522
482,477,5,32,5A6459
483,88,1,10,Rural Vale Fire Dept6360
483,94,1,8,Edgemont1412
484,72,0,9,5-1 Big Spring Union1203
486,87,2,16,2 Cagle7855
486,162,1,20,1-1 Indian Mound8404
487,124,0,9,West End1415
488,65,2,2,7 Ovilla Fire Hall9407
488,116,0,11,Ozone-Pineview1717
488,138,4,6,8-2 H.A.T.S7561
490,374,4,24,601 East Side School0108
491,79,1,8,4 Rose Creek6152
491,84,1,14,36 West View9306
491,242,1,17,4-13251
492,341,3,26,3-4 MLEC4403
492,582,5,59,22-41906
493,159,0,21,Harrison 43404
493,195,1,19,21-19827
493,581,1,58,Brainerd Hills3316
494,94,0,6,3-2 KENTON6757
494,94,0,13,Paw Paw7453
495,98,0,22,Vonore Community Center6358
496,115,3,11,7-2 Stroudsville Church of Christ7558
496,434,7,46,Robertsville0023
497,132,4,16,Ridgewood0613
497,139,1,23,3-1 Bumpus Mills8403
497,532,1,43,11-41853
499,168,1,9,Lusk0308
499,1034,2,73,31-21941
500,105,1,10,8-2 Vanbebber Springs1208
501,438,1,22,4-2 City Hall4104
503,81,3,6,Forest Hill1414
504,125,1,12,19 Leesburg9311
505,111,3,13,Marlow0017
506,74,1,5,4 Collinwood City9411
506,125,0,14,13-1 Blanton's Chapel Community Center1512
507,101,1,16,3 Moore County Building6553
507,109,1,13,Demory0615
508,125,1,6,5 Ramer6155
508,157,0,11,20 CourtHouse2762
508,167,0,17,6-1 Burns Church of Christ2252
510,83,2,14,5 Morris Chapel3717
511,119,1,10,Westside Elementary School5555
513,375,1,45,27 Keystone9322
514,112,1,14,9 Courthouse3703
514,240,3,20,Woodbury0705
515,84,0,5,6 Shady4706
515,116,1,8,2 McPheeter's Bend3803
515,203,1,11,7 Church of Christ Annex2156
515,205,2,52,7-19808
516,126,1,21,Voting Machine Whse. 27964
516,1379,9,44,28-11929
517,81,3,17,4 Rogersville North Outside3820
517,149,0,16,9 Fredonia7856
518,117,1,18,Pellissippi Campus0436
519,123,4,27,Lenoir City Outside5461
519,345,3,10,7B Recreation Center2864
520,77,1,8,I - Hurricane Hill2365
520,117,0,12,8-1 Krisle School7562
520,192,2,17,10-11844
522,267,0,21,Recreation Center5357
523,121,0,7,Big Lick1702
523,306,1,42,10B Sycamore7258
524,80,0,6,Cross Roads Community Center5556
525,524,4,32,324872
526,145,3,7,Smoky Mountain1405
526,148,2,8,5-1 Greenbrier Church of Christ1005
526,150,1,11,4 North Selmer6167
527,227,0,10,3 North East Selmer6153
527,272,4,21,06-1 Caney Fork Electric Auditorium9209
528,88,0,16,2 Moore County High School6551
528,155,2,6,40 Rutherford2773
528,179,1,5,1B Prospect2851
528,248,0,8,2 Fayette Corner2461
529,142,2,12,6-3 UTSI2664
529,226,1,9,Kimball5755
530,868,5,73,24-21913
531,86,0,17,Tinchtown2561
531,151,0,11,14-1 Crawfish Valley5164
532,99,0,7,A - Fowlkes2352
532,200,1,29,23 Woodland9313
532,696,2,42,Murray Hills 13301
533,175,0,10,"2-1 Ag Fair Complex, City9611"
533,531,3,32,11-31852
534,98,2,13,24 Moore's Chapel2764
535,167,0,6,2-2 Mansfield4102
535,219,1,24,Harold McCormick0912
536,71,0,6,2 Nixon3708
536,288,3,22,1-13252
537,167,0,10,4 Meigs North6255
539,82,1,11,Davis5455
539,116,0,22,11-13267
539,153,2,12,32 Bradford2774
540,192,3,20,7-1 Cumberland City8407
541,89,2,11,02 Sitka Community Center2752
542,95,1,8,Bakers1701
542,185,5,13,East LaFollette0608
543,93,0,7,10-13261
543,117,1,12,Fairview0010
543,147,1,16,Northport1407
543,177,0,23,4-1 Kittrell Elementary School7656
546,761,1,92,North Chattanooga 13310
546,1184,0,135,25-41921
547,97,0,11,Community Center2557
547,111,1,35,924822
550,91,0,12,Banner2552
550,152,0,15,1A Polk County High School7152
550,463,0,29,4-2 North Boulevard Church of Christ7657
551,180,3,18,Middle School3066
552,108,0,8,E - Finley2359
553,344,3,47,394802
553,716,1,100,Moccasin Bend3415
554,577,1,74,68-E4851
555,90,2,11,9-2 Waldens Ridge7362
555,145,1,18,6-2 Capitol Hill2663
555,169,0,19,Pittman Center 17951
556,136,0,14,Renfro7468
556,157,2,15,11-2 Hwy 56 N Church of Christ9219
557,158,0,18,1 Delano Lions Club7151
559,93,0,12,3-2 Montezuma1103
559,127,0,15,Boonshill Community Center5352
559,139,3,14,Red Boiling Springs High School5551
559,735,5,21,Memphis 89-18236
561,98,0,11,Nolachuckey3053
561,136,0,10,Central5051
561,193,2,3,13 Fruitland2759
562,137,1,20,8 Lone Oak7852
562,141,1,18,2-1 Big Rock8401
565,744,3,77,Brainerd3390
566,146,0,9,5B Agri-Park2860
567,164,1,17,2-1 Eno Community Center2256
567,183,2,15,08 Elmwood8307
568,70,1,6,5-2 Winfield7755
568,1347,5,58,29-21933
571,109,2,14,4-4 Springdale1215
571,124,2,14,Calvary Baptist Fellowship Hall5361
571,142,0,9,1-2 Sylvia Baptist Church2262
571,147,0,6,3-2 Huntland2654
571,148,0,22,4-1 Family Life Center8402
573,94,1,6,3 Wilson6858
573,145,4,5,Gruetli3163
573,199,1,14,10-1 Centertown United Methodist Church9216
574,352,2,46,Maryville College0432
574,580,2,19,3-1 Madison Co Board of Ed.5677
575,98,1,13,Campbell County High School0610
576,107,1,14,1A Laurel4704
576,184,1,25,5-1 Dayton North7357
578,73,1,11,3-1 Wolf Creek7354
578,188,6,20,6-1 Dayton West7358
578,338,3,20,Lucy 18098
579,109,2,9,1B Cold Springs4708
583,88,3,11,C - Trimble2356
583,160,0,16,1-1 Alexandria2158
583,191,1,15,2-2 TN City Fire Hall2257
583,397,1,35,Northgate 13408
584,143,1,14,1-1 Bargerton4001
584,176,3,14,5-2 County Complex2157
584,2040,0,54,3-41814
585,1528,3,131,24-11912
586,245,3,25,5-1 Visitors Center8405
587,163,1,21,Lantana1712
587,674,6,43,26 North Side9321
589,154,1,20,06 Tennessee Vocational Center1506
591,85,0,9,6 Clarksburg0812
591,127,3,9,Allardt2553
591,151,0,16,Walland0426
594,340,1,13,2 Lake County Courthouse4952
596,98,0,10,8-3 Mifflin Road Fire Station5665
596,177,0,22,06 Humboldt Ch of Chr2754
597,108,0,13,4-2 Washburn Ele. School2951
598,199,0,13,17-1 Sowell5167
598,1020,1,35,Memphis 89-28237
598,1054,7,61,136458
599,102,1,10,01B Latham Vol. Fire Dept.9503
599,242,1,4,14 Parks2460
600,103,1,12,3-4 Pin Oak Fire Station #44007
602,138,1,10,3A Richland Trace Market2855
602,237,4,15,"1-1 Sparta Civic Center, City9608"
602,788,8,54,12-31856
603,653,2,21,Cordova 48077
603,1224,2,29,Memphis 87-48064
605,110,1,13,Flintville Fire Hall5367
606,114,1,12,2-3 Oakland4113
606,133,2,18,10-1 Howards5160
606,139,1,15,5-1 Bean Station Library2960
607,99,1,14,2-2 Luttrell Elementary School9002
607,287,2,18,2-13253
608,1811,1,102,Memphis 028102
609,396,0,42,4B6472
610,215,1,16,Jellico0621
611,62,2,10,6 Southgate Fire Hall9412
611,116,4,10,3-2 Evensville North7355
611,968,4,43,Memphis 53-18149
614,233,1,32,18 First Christian Church1518
614,2141,1,39,Memphis 87-38231
615,198,5,13,1-2 Compassion Church4404
615,1951,5,103,Memphis 16-18107
616,250,1,12,02-3 East Bank4204
618,107,3,16,1 Lewis Chapel7851
619,104,1,16,1 Eastview6253
619,211,1,23,07 South Carthage8306
620,971,7,67,27-11926
621,117,2,8,01A Palmersville Fire Station9501
621,219,1,19,8-2 Browns United Methodist Church5667
621,269,1,15,Pleasant Hill1718
622,125,2,10,3-1 Huntsville7753
622,146,2,9,38 South Central9303
622,195,4,19,6-1 County Library8406
622,447,4,51,414803
623,125,1,20,Linary1713
623,155,4,23,Brown Elementary School6353
623,190,0,24,9-5 Independence High School9741
623,259,2,33,04-1 TSU Nursery Res. Center9206
624,156,0,16,3-1 Broadview2653
625,216,2,27,8-2 Eagleville Community Center7666
628,269,3,24,01-1 Civic Center9201
630,129,1,10,7-1 Plainview Community Center9007
631,115,0,21,1 Fall Branch9312
631,515,3,11,Ripley 35057
633,236,4,36,02-1 Courthouse9202
633,373,2,37,Ooltewah 23398
633,441,3,61,274827
634,194,0,16,2-1 EDDIE COX SR. CENTER6756
636,367,0,37,Northwoods 13399
637,433,4,17,7-2 TN Technology Center5657
638,112,0,14,37 Lamar9308
638,134,0,14,3 Wallace3811
639,122,1,17,Philadelphia5454
639,261,3,24,01 Ada Right Center1501
639,465,3,45,12-1 TN National Guard Armory7675
641,61,0,5,Oakdale High 2-16652
641,73,1,9,Hampton0916
641,173,1,12,Sequatchie5762
641,1054,1,32,5-3 North Parkway School5655
642,186,1,24,05A Cookeville Community Center7261
643,307,2,47,Everett0413
644,128,1,11,Central Elementary School5559
644,205,1,19,31 Milan Muni Bldg2770
644,231,1,19,3-11811
645,145,1,13,FNB Community Room5360
646,334,0,32,502 5 Points Museum0510
647,284,3,24,20 Coffee County Senior Citizens1520
648,98,1,13,Vandever1723
648,149,1,14,18-1 E.O. Coffman5168
648,185,3,12,10 Fairground3704
648,750,5,73,25 Millennium Centre9318
649,78,2,15,Coker Creek School6362
649,210,0,9,5 Hilham6851
650,106,1,8,D-Bogota2357
651,140,0,18,DuPont 27960
651,175,3,31,794820
651,228,0,25,1-1 Collier House2263
651,643,1,90,Red Bank 13397
652,180,0,17,10 Mt. Ararat Baptist Church1509
652,278,2,22,5-6 Wildwood4405
652,285,1,28,7-29809
653,139,1,10,4 Surgoinsville Inside3826
654,157,0,13,5 Ten Mile6256
654,565,0,21,22 Agri Plex2763
655,216,4,5,3 Lake County Middle School4953
655,219,3,19,03-1 East Community Center4202
655,337,1,44,2B6478
656,139,0,12,6-3 Malesus Community Center5660
656,144,0,22,Mowbray3307
657,107,0,6,2-2 Friendship1101
658,1035,5,40,8-41840
659,146,0,17,505 Normandy Baptist Church0107
660,101,0,6,Sunbright 5-16656
661,298,1,20,04 First Baptist Church1504
663,172,2,8,8-5 Lesters Fire Station5663
664,194,0,14,07 Humboldt Park2755
666,98,0,22,5C8507
666,139,0,17,Keenburg0907
666,150,1,16,3B Campbellsville2856
667,113,2,12,Macon County Junior High School5554
667,160,1,10,Eastside0704
667,164,1,14,4-7 Big Ridge Elementary Sch.9005
668,124,0,21,07D Twin Oak7268
668,177,0,30,11 Freedonia Community Center1510
668,296,1,34,21 Wilson Avenue Church of Christ1521
669,92,3,11,1-1 Rutledge Middle School2953
669,203,3,12,5 Fairgrounds6855
671,121,1,8,Clarkrange2556
671,145,4,8,5 Rogersville South Inside3804
671,183,1,23,08-1 Fairview Community Center9211
672,117,0,10,9-13259
672,128,1,11,A - Bonicord2351
672,929,4,41,Memphis 95-78257
673,133,3,14,5-10 Sharps Chapel Elementary9009
673,142,2,11,4 Surgoinsville Outside3821
673,1449,10,54,Cordova 58078
674,177,1,30,South Clinton0025
674,316,2,11,5 Gallaway2463
676,118,0,12,South Greene3077
676,350,1,47,Walden3370
679,114,0,8,Crossroad2558
680,185,0,30,Newport Grammar School1406
680,486,3,56,20B6477
681,137,0,9,4B Odds Fellows Hall2858
682,125,1,7,3B Neva4703
683,305,2,15,G - Courthouse2362
684,242,0,29,6-7 South McEwen4406
684,261,2,21,09-1 Morrison Ruritan Club9214
684,314,2,18,2-3 WFCN4401
684,543,1,50,Lupton City3380
685,113,4,10,Lancing 4-16658
687,59,0,9,E - Lenox2360
687,244,1,29,Germantown 128095
688,94,1,12,2-1 Clouds1213
688,122,0,10,National Guard Armory5557
690,699,2,46,2-3 Tigrett School5672
691,134,1,12,Unaka0919
691,675,1,22,404 Union Elementary8610
692,108,1,9,Grimsley2562
692,117,1,17,5 Chapel Hill7853
693,124,0,11,11-1 Summertown5161
693,124,3,12,5 Doe Valley4705
693,135,2,20,Liberty5358
693,411,3,27,8-1 Senior Citizens2267
695,182,1,43,Lakesite3338
695,557,2,74,434857
696,159,1,23,7 City4707
698,270,0,81,Collegedale 13346
699,113,1,22,Big Springs0415
701,207,1,20,2-1 Loretto Civic Center5151
702,175,2,15,Chestnut Hill1703
702,969,10,62,5-2 LaVergne Middle School7660
703,160,3,17,Dyllis7457
704,100,1,11,4 Crump3710
704,140,2,13,Santa Fe5954
705,116,1,16,6 Choptack3813
706,330,0,24,5-1 East Chester School1105
706,2057,5,104,Memphis 018101
707,82,1,7,Macon County High School5553
709,487,3,79,424856
710,110,1,16,Tabor1721
710,162,1,18,2 Meigs South6251
712,110,1,13,Blanche5354
712,146,1,16,Eastside0910
712,466,2,66,294826
713,230,2,14,3 Church of God2153
714,144,0,10,3 Counce3714
715,168,0,29,04 Rock City8301
716,79,1,6,Willette Community Center5552
716,169,3,27,1-2 Cottage Grove4106
719,218,0,19,12-2 Greater Things Baptist Church2253
719,265,0,25,4-3 Courthouse2155
719,495,1,38,4-31819
722,196,1,28,Rally Hill5965
722,876,4,93,14-51867
723,217,1,11,05 Hillsboro Community Center1505
723,237,3,28,Court House3065
725,92,2,8,13 Jones Chapel Family Life6063
725,228,2,15,3 Benton Co. Courthouse0203
727,146,2,18,8-2 Old Swannsylvania School4611
728,583,6,57,334884
732,192,1,19,07 Forrest Mill Church of Christ Activity Center1507
733,248,3,21,Loudon Mt Zion5459
733,263,0,30,02 Tanglewood8308
734,111,0,5,1-2 Old Central Point School2952
735,1204,2,119,19-11890
737,238,1,42,12-1 White Bluff Community Center2254
739,141,1,15,Parrottsville1419
739,449,3,54,Northgate 23413
739,1211,6,49,Memphis 96-18259
740,574,2,70,West Hills0026
743,971,2,105,17-1 North Boulevard Church of Christ7686
744,436,2,16,801 Thomas School0110
745,142,2,10,Maranatha5359
747,166,5,29,Cave Creek7451
747,919,1,128,27-21927
748,606,5,84,Pine Valley0022
749,170,0,24,01 Defeated8303
750,376,1,57,Lookout Mountain3369
751,96,5,19,5-2 Senior Citizens Center2959
751,203,2,8,1A Ardmore2854
752,175,0,22,2D Shiloh Baptist Youth Center7157
754,244,2,33,1-3 Old Pinewood School9703
755,173,2,41,Dallas 23321
757,139,2,8,1 Waynesboro City9404
759,149,2,30,2-3 Milton Fire Station7652
759,173,1,17,12B Algood Outside7254
760,160,1,22,33 Telford9307
760,270,2,15,5 Benton Co. Courthouse0205
760,319,3,29,West Hills Elementary5856
761,291,1,43,1 Allandale Inside3824
761,405,1,36,05  Martin Church of Christ9508
762,1227,5,95,21-1 Hobgood Elementary School7695
763,332,4,23,38 Dyer2777
763,608,4,75,Glenwood0012
763,1524,6,76,8-31839
764,270,4,22,3-2 Vanleer Town Hall2259
765,158,0,15,2C South Polk School7156
765,187,1,20,8-3 Owens Chapel Fellowship Hall7563
765,552,1,57,354881
766,574,1,28,4-1 FAIR GROUNDS6762
766,592,2,26,South Pittsburg5764
767,182,0,14,Whitwell5766
767,1116,5,103,264809
768,316,5,29,Harriman Ward 17465
769,205,2,17,34 New Victory Church9316
769,931,7,80,96452
770,220,2,30,12-29817
772,178,0,15,"4-2 Bondecroft School, County9606"
772,281,4,12,2 Allons6852
772,284,2,15,H - E. Dyersburg2363
773,293,3,25,4-5 Safe Room4402
775,177,4,24,32 Cherokee Outside9301
776,208,3,24,South Harriman7464
777,153,1,19,3-1 Blaine City Hall2955
777,1189,8,101,18-1 Patterson Park Community Center7689
778,140,0,22,28 Cumberland Presbyterian Church2767
778,186,2,18,7-1 Lawrenceburg Public5157
778,262,4,25,03 Trinity Baptist Church1503
781,185,0,24,2-4 College Grove Community Center9708
782,94,1,10,5-4 HORNBEAK6754
782,247,4,13,4 Camden Elementary School0202
783,307,4,29,3-13254
784,265,1,18,2 Camden High School0201
787,138,1,5,6-1 Oneida7756
790,130,0,10,Ballplay Fire Dept6363
790,269,1,18,4-2 Cowan2657
792,106,1,11,Macon County Welcome Center5558
792,279,2,33,Clinton High0006
793,695,5,60,Memphis 68-18179
794,158,0,17,874817
794,213,1,42,102 Bell Buckle/Webb School0102
795,374,0,27,3-3 Jackson Center for Ind. Living5678
797,141,2,13,1-1 Fairview7754
797,153,2,23,Woodland0703
798,124,2,11,McDonald3054
799,132,0,16,Sale Creek3319
799,158,2,19,7 Cherokee3801
800,1661,4,44,9-31843
801,135,1,23,14 Bowmantown6309
801,384,1,34,18 Fairmont9323
803,170,0,17,Baileyton3067
803,309,3,16,07-1 Friendship The Baptist Church9210
804,129,1,12,7 St. Clair3816
804,131,0,16,9-23260
805,385,3,25,Riverside5967
806,117,0,17,13-1 West End5163
806,144,2,14,Jones Cove 17952
806,451,3,42,High School3061
807,161,0,17,6 Mooresburg3817
807,208,2,25,21 Bethel0809
809,245,2,30,North Clinton0019
811,410,5,45,824816
812,102,2,16,3-2 Indian Ridge Comm. Blg.2954
812,323,3,23,Lewisburg Gas Dept.5858
813,179,3,22,6-6 Paulette Elementary School9006
813,187,1,32,Fairview7469
813,1761,6,50,33-21949
816,336,3,52,10th Jefferson City Fire Dept4605
818,265,2,17,Eureka7467
819,123,1,32,604 Black Fox School0503
819,149,2,23,West Pines3076
819,251,1,13,6 Big Sandy School0206
819,866,2,69,12-41857
820,160,1,16,Mayland1714
821,122,0,12,4-1 Crossroads Fire Hall5152
821,176,2,21,12 North Coffee Elementary School1511
822,211,2,27,Harrison 53337
822,236,1,15,14 Hickerson Fire Hall1514
823,188,2,28,Powells Crossroads5760
825,308,5,33,25-29833
826,177,1,16,4A Lynnville2857
826,903,8,82,116456
828,289,3,71,Collegedale 43344
829,325,0,38,11B Cookeville High School7251
830,178,1,25,New Center 17955
830,220,1,20,1-1 Puryear4101
831,182,3,26,6-2 Mt. Sharon C.P. Church7556
831,334,4,36,Westview 33385
832,204,5,30,04-1 Lake Benson Camp4203
832,246,1,21,05 Gordonsville8304
833,736,2,95,15-21869
835,161,2,18,15-1 David Crockett5165
835,234,3,30,6-2 Porter Community Center2251
835,486,0,19,10 Rossville2455
836,168,4,27,Jacksboro0609
836,230,3,19,9 Huntingdon Police Station0807
836,255,0,48,Summit 33388
837,118,1,14,2-4 WOODLAND6753
837,445,1,34,701 Deery Eakin School0109
838,168,0,17,Hampshire5962
839,460,3,41,11-1 Tennsco Community Center2266
840,907,1,29,Forest Hills 18082
842,429,3,65,West End5958
844,244,1,11,9 Piperton2454
846,213,2,9,1 Holladay School0204
846,238,1,13,5A TCAT2859
847,212,5,23,12-19816
848,213,5,17,Tracy3156
848,230,2,32,4-3 Sycamore Middle School1008
849,186,0,7,Notchey Creek Fire Dept6359
849,199,2,18,804813
849,201,0,29,Homestead1711
849,784,3,77,Hendrix Creek0013
853,125,4,12,14 EK Baker School6059
854,168,0,24,2A Minor Hill2853
854,213,0,20,03 New Middleton8302
854,353,2,14,Halls 85063
855,176,0,27,Friendsville0416
857,622,1,72,East Ridge 23306
857,938,4,121,27-31928
859,172,0,23,Glendale5457
859,178,2,27,3-1 Ebenezer Baptist Church7560
859,237,1,27,7-8 CCC4407
859,249,2,35,High School8901
859,559,3,42,2-2 Aldersgate United Methodist Church5673
859,779,5,81,Oak Hills7458
860,1100,6,15,01 N. E. Covington8708
861,859,4,92,10-2 Liberty Elementary School9733
861,996,3,44,Memphis 95-68256
863,575,4,64,404806
864,184,5,28,15 Mountain View School6061
865,250,1,27,10 Pavilion7257
867,770,2,69,22-11903
867,1187,3,17,West Bolivar3604
869,213,6,29,1-1 Spring City North7351
869,412,2,37,9-19811
869,1237,3,41,10-41847
871,193,0,16,Culleoka5969
872,263,2,13,1B Chilhowee Middle Sch. Gym7153
873,814,2,64,34-41956
874,190,4,23,LaFollette Elementary School0607
876,167,1,21,Love Chapel8902
876,682,1,63,30 Grace Fellowship Church9317
877,734,5,53,10-31846
881,1125,4,107,24-Q4833
883,291,1,40,Miser Station0421
885,187,1,42,08 New Union Fire Hall1508
886,122,2,12,Centerview1403
886,193,0,26,603 Waterville School0513
886,200,3,18,08F Cornerstone Middle7269
889,363,7,22,Broad Street School6352
891,105,0,11,D - Millsfield2358
893,146,1,27,1-1 Union County High School9003
896,323,3,19,6-1 South Side High School5682
897,135,0,24,Woody1724
897,301,1,38,764818
897,323,3,28,15 Grace Baptist Church1515
898,377,2,36,Rockford0406
898,757,1,16,1 Somerville2465
899,210,1,35,564890
901,401,1,25,06-1 Justice Center4209
901,891,0,102,26-21923
904,217,3,21,04A Burks Middle School7262
905,179,3,19,Court House0906
905,851,3,80,106454
906,191,1,40,Orchard View7459
907,133,1,14,Edwina1409
909,174,2,19,4-1 Evensville South7356
911,335,0,50,9-4 Grace Chapel Church9731
911,2558,3,70,33-31950
912,182,1,12,2-2 Grainger High School2958
912,301,2,24,6-13256
912,403,2,24,5-2 Vo-Tech4109
912,1019,2,124,Stuart Heights3376
915,266,5,40,Norwood0020
919,167,0,21,Ottway3080
920,174,1,20,2 Adamsville6151
920,335,5,30,12 North City School6054
922,191,0,10,Middleton3605
923,178,3,12,"6-2 Cassville School, County9601"
923,1859,2,81,29-41935
924,254,1,24,8-1 Old Chestnut Hill School4609
924,324,0,18,8 Elba2453
925,171,6,14,05 Rogers Creek School6058
928,199,2,32,Caryville0602
928,243,0,34,8 Boones Creek West9336
930,238,2,26,Belfast5853
932,396,4,30,McKnight Center5859
937,513,0,62,Memphis 67-38178
937,843,5,98,11-2 Robert Ring Indoor Soccer Complex9736
939,807,6,72,12-11854
940,229,4,31,3-2 New Tazewell1206
941,268,3,23,2-1 Spring City South7353
943,286,2,31,Fayetteville CPC5363
944,137,0,9,4-1 Helenwood7752
944,231,0,19,2-1 Henry4108
944,257,5,29,8-2 Estill Springs2668
944,1108,2,117,16-1 Central Magnet School7683
947,186,2,19,8-1 New Prospect5158
947,248,1,18,5-1 TN Technology Center4004
948,1479,4,46,Collierville 78074
949,161,1,28,Cosby1410
949,165,0,17,3-4 RIVES6761
953,731,7,86,364880
953,988,5,108,254831
954,180,1,23,5 Rogersville South Outside3815
954,238,2,47,William Blount High0417
954,620,3,55,13 Stratton9325
963,200,1,25,Oak Hill1716
965,342,6,29,4-1 Civic Center4011
966,215,2,31,Wartburg 3-16654
968,355,2,34,Rockwood Ward 27472
968,1469,2,118,23-21908
969,333,4,57,1-5 The Church of Spring Hill9742
970,1199,4,95,14-11863
972,193,0,28,Greenback5456
972,2292,6,57,Morning Sun 018262
973,160,0,12,7 Michie6157
974,230,2,27,101 Wartrace Baptist Church0101
975,215,2,17,Rock Creek8906
975,1250,9,143,26-31924
979,898,13,64,166470
979,1230,3,106,Memphis 668176
981,1370,2,128,24-61917
982,180,2,29,Coalfield 1-16651
982,1123,0,97,25-21919
983,366,1,62,16 Lions Club1516
983,892,2,55,Tyner 13309
983,1946,7,141,Memphis 45-48139
984,290,3,30,Chilhowee View0425
984,431,4,30,Recreation Center5855
984,501,4,55,11 Indian Trail9324
986,206,2,21,Central0902
986,307,2,18,09 Dresden First United Methodist Church9504
987,209,3,41,Underwood 17970
987,328,3,25,Eads8081
988,499,3,27,1 Livingston6853
989,161,2,17,Valley Forge0911
990,783,4,35,Morning Sun 028263
994,303,0,47,Theta5952
995,1418,3,152,25-11918
996,701,1,69,16-3 Lane Agri-Park7685
998,518,3,79,301 Lee University0509
998,835,6,90,15-31870
999,608,3,56,12-2 Smyrna Elementary School7676
1001,1152,4,117,23-31909
1003,231,0,25,Westside0701
1004,293,0,18,8 North3705
1005,518,3,79,Beech Grove0410
1006,291,4,24,5-1 HC High School4105
1008,914,2,50,Memphis 95-58255
1009,220,3,13,"5-1 Doyle Civic Center Hall, County9603"
1010,257,1,34,7-1 North Lake2665
1011,385,6,31,902 Southside School0111
1013,230,1,32,7C8509
1016,217,0,17,7-2 Winchester Springs & Center Grove2666
1019,199,1,18,Valley View0604
1019,293,3,25,9-3 Three Way City Meeting Room5670
1020,191,1,26,10-23262
1020,373,1,38,12A Algood Inside7252
1020,1165,5,119,126457
1021,336,2,35,Townsend0401
1022,460,2,28,4-3 Festivities Events Place5675
1026,263,3,25,854814
1027,279,2,35,Senior Citizens 27962
1031,394,3,32,4-1 Jackson Chapel2260
1033,332,2,47,Neapolis5971
1034,894,1,88,Emory Valley0009
1037,1278,6,60,Memphis 95-18252
1038,388,5,53,1103 Millersville Community Center8625
1039,402,5,40,9-1 Restoration Church2264
1039,690,2,95,Signal Mountain 23402
1039,1174,2,108,Memphis 46-28141
1040,320,4,42,High School0905
1042,349,4,42,7-1 Pomona Baptist Church2255
1043,142,1,18,Tiger Valley0918
1046,241,1,23,Madisonville Primary School6356
1048,316,0,44,5-1 White Bluff Civic Center2261
1049,143,0,28,2-1 Westover4005
1049,260,0,15,3-1 Russwood4112
1049,1881,3,71,Memphis 81-78222
1051,644,2,109,23-41910
1053,405,3,64,9B8524
1054,207,3,30,Jacksboro Station0611
1055,612,1,81,DuPont3335
1058,380,2,61,8-4 Crescent Church of Christ7668
1060,263,2,18,03 Greenfield First Baptist Church9507
1063,381,6,25,08 Martin First United Methodist Church9505
1064,227,2,21,Cornersville5852
1065,250,4,31,403 Cottontown Fire Hall8627
1069,1484,9,126,164883
1070,236,6,32,Loudon Outside5452
1070,1048,7,132,176466
1071,755,8,88,5-1 Cedar Grove Elementary School7659
1074,242,5,41,864815
1075,268,5,26,B - Newbern2353
1076,568,3,100,65-N4845
1078,289,1,46,Henry Horton State Park5851
1081,255,3,55,Lawnville7452
1082,287,2,44,Snowhill 13362
1086,209,1,13,Pomona1719
1087,370,1,60,Louisville0423
1087,372,1,28,Spring Hill Middle5970
1089,275,1,35,05C Prescott South7267
1095,359,4,37,Kingston Ward 27462
1096,2113,11,207,16-31875
1100,238,0,44,Catlettsburg 27966
1100,300,5,45,Oak Street0412
1101,218,4,27,4-1 West Chester School1102
1101,282,0,34,11A Bangham7253
1110,124,2,16,7-1 West Oneida7757
1114,480,2,64,Maryville Municipal0414
1114,603,3,42,501 First Baptist Gallatin8609
1115,257,1,25,Bigbyville5968
1116,242,1,24,6-1 Harrogate1204
1118,242,0,31,Waldens Creek 27959
1119,305,0,36,1101 Beech High School Annex8624
1119,444,0,48,24-19831
1121,605,5,62,11B8523
1121,641,5,61,24 Henry Johnson9320
1122,195,1,39,101 McDonald Ruritan0501
1126,291,5,43,5 Boones Creek East9332
1126,1005,2,96,35-41961
1127,877,4,112,Memphis 67-18177
1128,222,2,27,Lanier0418
1128,247,3,26,7-1 Arthur1201
1128,1336,6,74,Memphis 91-28242
1130,329,0,27,6 Courthouse SE6156
1133,200,1,46,3-2 White House Heritage HS7553
1134,203,4,16,02 Gleason Community Building9502
1134,307,2,41,4-1 West Cheatham Elementary1002
1137,168,2,15,Lincoln Community Center5369
1137,481,1,52,Germantown 088091
1139,293,1,26,Westside0904
1141,1444,6,126,25-31920
1144,373,2,70,25-19832
1144,1631,2,48,Memphis 95-88258
1145,861,1,122,444855
1146,206,1,22,2 Harmony9340
1146,245,1,34,8-1 Garrison7360
1147,835,1,65,Concord 43342
1148,591,4,58,29 Fairhaven Inside9315
1149,304,3,48,Glen Alpine0011
1153,330,1,20,1-1 Tazewell1210
1154,410,4,41,07 Martin Shepardsfield Church9509
1155,417,8,46,Lakeland 28097
1156,869,5,74,14-21864
1159,454,1,84,Fairmount3371
1160,535,3,44,11-1 Westside School7567
1164,998,2,108,34-51957
1167,1225,8,141,186463
1167,1432,3,170,31-31942
1169,259,0,44,Porter0429
1169,295,1,34,Chapel Hill5854
1170,1560,1,147,22-21904
1173,749,2,100,514836
1176,503,2,53,19-19825
1179,770,5,67,502 Guild Elementary8608
1180,1310,0,137,34-11953
1182,400,3,36,8 Civic Center0805
1184,261,2,27,Heritage0424
1186,155,1,25,6-1 TROY SENIOR CENTER6760
1190,799,1,60,11-1 Smyrna Middle School7673
1196,329,2,30,Fairview0433
1197,291,6,27,04 Englewood School6051
1199,355,1,54,8-3 Lebanon Campground Church7667
1202,316,1,46,6-1 Coopertown Middle School7557
1203,288,4,42,6th Rush Strong School4607
1205,509,3,47,Brunswick 18065
1208,388,3,30,Loudon5453
1209,1301,2,57,Memphis 96-28079
1210,911,2,116,Memphis 648174
1213,1640,10,129,13-31861
1215,276,1,29,604811
1215,902,0,62,Memphis 68-38180
1215,1122,8,129,Memphis 44-18133
1217,456,2,57,4th Jefferson Elementary School4602
1219,250,2,18,Lake City Middle School0016
1219,541,4,66,East Ridge 33313
1222,227,2,32,Andersonville0001
1222,346,4,40,Complex 21704
1222,364,0,73,Ganns3352
1223,333,2,34,5-13255
1225,151,4,13,Roan Mountain0915
1226,765,6,76,13-1 Bellwood-Bowdoin Pre-School7677
1229,274,2,28,3-3 Jones Chapel4103
1230,637,4,109,Maryville Junior High0404
1233,1043,1,71,Memphis 81-18217
1238,386,0,55,Collierville 88075
1239,237,5,20,6C8508
1239,608,8,68,06A Cane Creek7264
1240,1242,8,111,15-11868
1241,626,2,61,East Ridge 43327
1242,246,2,26,04 Sharon First Baptist Church9506
1242,523,6,46,602 Gallatin Sr. High School8618
1243,352,0,72,Middle Valley 13429
1246,1979,8,167,20-31898
1249,389,2,60,934823
1250,706,1,79,Germantown 068090
1254,218,1,28,Gap Creek0917
1255,530,4,111,3-3 Chapman's Retreat Elementary School9711
1256,299,3,40,Doak3069
1259,244,2,17,"3-1 Ag Fair Complex, County9607"
1260,238,1,24,7-1 Frazier7359
1261,305,3,33,11 McMinn Courthouse6052
1264,937,4,120,35-11958
1266,963,2,58,4-1 Masonic Temple Lodge #455676
1271,501,3,98,9-1 Walnut Grove Elementary School9728
1271,553,0,97,8-1 Grassland Middle School9725
1277,1107,6,78,Memphis 80-28216
1279,441,4,54,10-1 First Baptist Church2265
1280,297,1,49,Soddy Daisy 23334
1281,552,4,57,5-2 Pegram City Hall1007
1282,722,2,79,1001 Walton Ferry Elementary8621
1286,270,6,39,Prospect0405
1286,711,5,72,21B6462
1296,839,3,77,11-2 StewartsboroElementary School7674
1300,231,1,39,Debusk3059
1302,230,2,39,4C8514
1302,274,5,30,Carpenters0434
1302,1047,4,130,1A6467
1306,276,1,40,Unicoi8904
1307,329,5,44,7-1 Jo Byrns Elementary School7559
1311,2063,11,103,1-1 LaVergne Lake Elementary School7651
1317,838,1,76,Memphis 81-38219
1317,888,0,141,Memphis 55-28154
1318,271,1,32,502 Flat Creek Community Center0106
1318,308,2,30,6-1 Broad Street4003
1319,387,2,53,Claxton0004
1320,692,5,82,18-2 Riverdale High School7690
1324,1083,4,54,Memphis 548152
1329,492,1,31,Armory5953
1330,556,5,47,Clinton0005
1337,296,4,38,"7-1 Northfield School, County9604"
1338,328,0,59,Collierville 58072
1338,715,5,57,9-1 Robertson County Fair Assoc.7564
1339,267,2,26,06 Riceville School6057
1340,355,2,36,J-N Dyersburg2366
1342,276,1,36,Caton's Chapel 17953
1343,525,4,77,John Sevier0430
1343,851,1,100,11-1 Franklin Elementary School9735
1343,1189,8,132,146465
1347,426,5,47,Election Commission6355
1350,646,5,46,1-1 FC Annex2651
1351,1289,1,119,23-11907
1352,237,2,23,3 Carter's Valley3808
1352,312,1,45,Vonore Elementary School6354
1357,1180,9,135,464838
1358,286,4,38,8B8525
1360,1842,4,59,Cordova 38076
1361,605,5,78,First Family5960
1365,508,1,63,ARL-028052
1372,380,2,51,Bakewell 23329
1373,323,1,52,5B8512
1373,439,3,44,Tusculum View3063
1376,1451,2,71,Memphis 91-18241
1382,281,5,23,Wearwood 27958
1382,353,2,40,15-19820
1384,328,4,26,Tansi1722
1388,282,0,32,Chuckey Doak3072
1390,922,5,124,554853
1392,689,4,83,Westview 13387
1394,401,0,27,1-1 SOUTH FULTON6751
1397,424,3,76,Bull Run0003
1398,315,2,33,7-13257
1402,427,0,40,7-2 OBION CO. LIBRARY6752
1407,264,1,56,7 Gray West9338
1408,1157,4,102,15-2 Northfield Elementary School7682
1410,487,4,52,07A Burgess Falls7263
1410,574,5,40,Tellico Village North5465
1410,1182,8,112,11-11850
1413,179,5,29,601 Valley View School0511
1413,233,6,35,9th Talbott Elementary School4610
1415,814,2,77,02A Northeast Elementary7255
1416,760,0,82,East Ridge 13314
1417,315,5,55,7th New Market City Hall4608
1420,686,2,68,Bartlett 068057
1421,925,10,56,10-3 North Side High School5669
1425,342,1,40,14-13265
1426,199,2,18,Hunter0908
1428,675,3,87,9-2 Benton Hall School9729
1431,414,2,91,2-5 Conduit Church9743
1432,1331,3,111,22-31905
1435,283,3,49,Glenwood3084
1435,393,2,35,4 Rickman6857
1443,632,10,62,10-1 South Haven Christian School7565
1444,670,4,80,1-1 Cheatham Co Library1004
1447,384,5,29,02 Etowah Community Center6064
1449,982,1,119,13-2 Cason Lane Academy7678
1450,367,3,49,Sequoyah High School6357
1453,383,4,47,6-19807
1453,460,4,47,203 Wiseman Elementary8613
1453,504,1,92,2-3 Oakview Elementary School9707
1454,529,3,90,22-19829
1455,1107,6,88,10-1 Rock Springs Elementary School7671
1460,846,4,134,12-1 Franklin Community of Faith Church9738
1461,319,1,45,Oak View0402
1461,565,0,88,Blount County Board of Education0403
1461,691,5,101,Hixson 33354
1463,779,3,74,21-2 BlackFox Elementary School7696
1466,335,3,33,10B8505
1471,481,4,69,702 Cleveland High0507
1472,289,1,32,303 Uniounville Fire Hall0104
1473,555,2,65,6A6460
1474,597,5,56,1-11801
1474,698,1,88,744885
1475,356,2,51,12-13263
1475,795,3,96,10-3 Hunter's Bend Elementary School9734
1477,589,7,93,Alcoa High School0408
1478,286,3,39,8-13258
1482,375,1,55,2-1 Bethesda Recreation Center9705
1484,715,4,83,3-2 Old Jefferson Church of Christ7655
1485,762,2,70,20A6469
1487,281,1,53,Boyd's Creek 27967
1488,793,6,110,7-1 New Heights Chapel7663
1491,445,4,29,11 Macon2456
1491,765,4,68,East Brainerd 13384
1493,390,2,31,2C8516
1493,597,1,70,10 Lakeridge9333
1493,751,3,42,Mt. Pleasant5961
1495,768,0,110,Red Bank 33351
1502,912,6,110,894829
1505,652,2,75,16-19822
1510,532,4,67,Lenoir City5460
1511,794,3,78,01A Capshaw7266
1512,763,3,93,19-2 New Vision Baptist Church7692
1519,705,3,73,Ooltewah 13361
1520,373,1,52,5th Jefferson Middle School4606
1520,668,0,91,7-2 Baptist Children's Home9723
1531,407,2,60,Bartlett 118060
1532,615,0,74,17-19823
1536,697,2,69,4-19804
1538,306,0,35,Chuckey3073
1540,551,5,107,1-2 Fairview Recreation Center9702
1541,387,2,41,Browder5462
1542,616,5,120,3-2 Longview Recreation Center9710
1542,712,3,79,8-19810
1546,1302,1,137,34-31955
1560,686,4,97,Westview 23386
1561,678,1,78,Harrison 33381
1565,1283,1,80,Memphis 91-48080
1566,312,5,43,13-13264
1566,817,4,102,10-2 Lifepoint Church7672
1567,645,2,84,Germantown 108093
1567,1630,3,74,Bartlett 138063
1573,470,0,56,63-N4849
1573,1235,5,55,Collierville 28069
1574,594,6,76,19-1 Creekmont General Baptist Church7691
1574,651,5,55,Jasper5754
1575,534,4,105,624844
1579,534,4,58,4A6461
1582,308,4,20,403 Bedford Community Center0105
1585,842,2,99,6-3 Holy Family Catholic Church9721
1586,550,5,76,2-19802
1588,372,3,55,101 Westmoreland Middle8632
1588,674,5,76,20  Visitor's Center9327
1588,818,2,103,5-1 Sunset Elementary School9715
1588,995,4,115,69-W4896
1590,549,9,52,2-1 Clark Memorial2652
1592,695,4,92,Germantown 038087
1605,288,1,44,Harrisburg 27954
1605,298,3,31,203 Fairhaven Baptist Church0103
1612,938,1,106,6-2 Brentwood Safety Center9720
1618,284,1,24,Tellico Community Center6361
1620,314,2,86,Apison 13347
1620,650,1,109,10-19814
1620,1585,4,133,31-41943
1622,639,2,86,9 Boones Creek City9334
1625,291,2,44,2nd Piedmont Elementary School4601
1626,339,3,61,58-S4891
1627,726,5,133,12-3 The Gate Community Church9740
1632,305,3,29,Mosheim3082
1635,515,4,84,5-3 Triune Baptist Church9717
1636,764,5,99,Maryville High School0420
1641,504,9,75,3A8503
1642,829,10,39,03 S.E. Covington8705
1647,1330,4,82,Brunswick 28066
1653,663,5,38,10-2 North East School5668
1653,939,3,88,East Brainerd 23311
1657,576,2,77,1-1 Westwood Elementary School9701
1660,390,5,52,103 Corinth Church of Christ8636
1661,322,5,49,1A8504
1662,474,1,69,09B Double Springs7265
1668,639,3,71,CP Church5957
1672,270,7,49,602 Blue Springs School0515
1672,1162,5,160,Mountain Creek 13350
1673,397,1,77,Dallas 13339
1676,516,1,58,Collierville 68073
1680,468,6,65,202 Portland High School8614
1683,568,1,70,1-19801
1693,933,5,109,2A6464
1698,1041,8,140,69-N4840
1699,449,3,74,Bartlett 038054
1699,854,5,79,801 Brown Elementary8619
1701,774,4,95,4-3 Oakland Middle School7658
1702,1152,6,139,684850
1703,416,5,53,1st Dandridge Elementary School4604
1706,418,1,95,7B8518
1715,882,4,97,17 Towne Acres9330
1716,1565,9,141,4-41820
1718,459,5,48,01 City Park School6060
1718,921,4,95,11-21851
1719,620,3,61,Gatlinburg 27956
1720,1230,6,85,Millington 28261
1725,1092,3,136,Signal Mountain 13365
1728,488,4,62,Kingston Ward 17456
1733,660,3,49,21 W. Wilkinsville8701
1734,490,0,73,13-19818
1736,454,5,65,501 Blythe/Bower School0514
1741,1907,10,226,474837
1746,475,1,56,5-1 Greenbrier High School7555
1749,787,4,80,802 Hawkins Middle School8631
1751,843,3,41,19 Austin Peay8703
1756,577,3,87,2B8517
1760,482,3,66,1-1 East Robertson Elementary School7551
1762,962,5,126,69-S4839
1765,728,2,114,23-19830
1771,544,5,46,Bear Creek5966
1778,577,1,91,Happy Valley0901
1781,682,3,62,Tellico Village South5464
1782,782,2,104,Hixson 23355
1783,458,6,48,Sweetwater High School6351
1789,336,1,54,4B8515
1794,834,4,159,5-4 Nolensville Baptist Church9718
1794,1146,5,147,10-1 Franklin Recreation Complex9732
1800,896,4,115,8-3 Episcopal Church9727
1805,492,4,60,Pleasant Heights5964
1806,1194,4,112,Harrison 23341
1808,934,1,107,15-1 John Pittard Elementary7681
1812,387,0,54,3 Gray East9335
1824,321,0,39,103 Hopewell School0517
1824,480,2,54,Middle School 27963
1831,581,1,57,Lookout Valley 13326
1832,506,5,85,2-1 Lascassas Elementary School7698
1841,1416,2,141,12-21855
1847,1403,13,158,374879
1849,817,3,117,5-2 Nolensville Methodist Church9716
1853,644,0,72,14-19819
1867,1120,3,65,Bartlett 048055
1870,438,1,43,14 Southwest Tipton8706
1872,578,3,85,3-1 Leanna Church of Christ7654
1874,542,4,70,4-1 Watauga Elementary School7554
1875,324,2,49,Birchwood3322
1875,384,6,58,1 Mount Carmel3809
1891,489,2,96,2-1 Robert F. Woodall Elementary School7552
1898,481,3,53,7 Hickory White2452
1907,340,4,34,08 Niota School6053
1907,976,6,124,4-3 Franklin Christian Church9714
1913,762,3,46,9-1 VFW5680
1918,862,7,88,Bartlett 058056
1924,1216,5,119,Memphis 578157
1926,781,3,125,11-3 Winstead Elementary School9737
1932,501,2,46,22 Brighton8702
1939,905,4,86,6-1 Harpeth High School1006
1944,495,2,69,Snowhill 23359
1949,664,8,100,2-2 Wilson Elementary School7653
1957,524,4,53,Cornerstone Baptist Church1705
1957,739,9,99,844808
1963,408,3,71,18-19824
1973,673,6,73,904824
1974,824,2,97,6-2 Christiana Middle School7662
1978,655,4,34,Fairfield Glade North1708
1980,613,9,52,9-2 Pope Elementary School5681
1981,604,3,96,Collierville 98271
1984,377,2,30,Camp Creek3052
1987,524,6,61,2-1 East Cheatham Elementary1001
1992,613,2,98,Ooltewah 43363
1994,1006,4,81,Millington 18260
1995,685,5,102,4-2 Millview Church of Christ9713
1998,310,4,62,401 Oak Grove School0512
2001,1338,12,166,454854
2009,723,5,93,9-2 Browns Chapel Elementary School7670
2015,1024,9,141,4-1 Prairie Life Fitness Center9712
2016,1075,2,93,St. Catherine5956
2018,1571,3,174,4-11817
2029,2034,2,189,35-31960
2044,1049,2,133,7-3 New Hope Community Church9724
2045,1111,8,162,69-E4807
2061,629,4,54,303 Creekside Fellowship8607
2075,511,2,96,Collierville 38070
2079,638,3,91,8-1 Rockvale Middle School7665
2083,550,3,65,Highland Park5458
2090,857,2,68,1102 Church of the Nazarene8623
2091,546,0,94,Soddy Daisy 13328
2094,359,4,51,Kodak 17969
2098,741,7,99,724888
2100,661,7,89,Eagleton Cafeteria0431
2102,991,5,112,901 Hendersonville High School8603
2107,786,3,122,2A8501
2114,615,7,86,7A8519
2124,766,2,95,Germantown 118094
2125,915,7,106,Germantown 028086
2129,617,1,80,3-19803
2130,902,5,133,644846
2131,255,1,51,06 Tipton West8704
2135,439,9,61,6 Sulphur Springs9339
2136,653,2,73,5-19806
2137,649,1,89,Bartlett 098053
2137,679,4,70,301 Gallatin Civic Center8635
2138,542,2,98,3-1 Pleasant View City Hall1003
2152,1081,6,114,9-1 Stewarts Creek Elementary School7669
2153,1098,3,117,14-1 Siegel Middle School7679
2167,670,6,77,Collierville 48071
2169,625,0,90,6-1 Whitworth-Buchannan Middle School7661
2174,310,2,37,01 Medina2751
2195,748,4,102,Pleasant Grove 13353
2195,918,6,54,Fairfield Glade South1709
2197,968,5,118,1002 Merrol Hyde Magnet School8633
2200,697,2,47,Stewartville8270
2200,828,4,139,2-2 Thompson Station Baptist Church9706
2202,425,6,83,12 Munford8707
2206,1208,2,138,7-2 Barfield Elementary School7664
2211,386,3,65,3rd White Pine School4603
2224,1118,0,135,8-2 First Presbyterian Church9726
2227,1522,9,234,674852
2237,1213,7,167,70-W4847
2248,1094,2,120,Germantown 058089
2259,626,11,95,302 Senior Center0506
2261,558,2,75,15 Courthouse9310
2261,575,4,55,2 Church Hill Inside3825
2266,807,3,127,603 Jack Anderson Elementary8602
2273,573,5,121,76455
2275,497,4,82,202 Walker Valley High0505
2287,494,5,68,6B8521
2291,1187,8,162,6-1 Brentwood Library9719
2296,854,4,145,3-1 Heritage Elementary School9709
2308,928,4,112,Germantown 048088
2316,820,7,109,701 Stuart School0502
2323,1213,4,184,12-2 The Church of the City-Franklin9739
2331,565,4,59,5A8513
2349,768,4,134,10A8522
2349,1178,3,150,20-2 Blackman High School7694
2362,514,4,67,1201 Oakmont Elementary8612
2386,508,6,93,1203 White House Middle School8626
2427,1031,2,162,9-3 Westhaven Clubhouse9730
2446,1058,1,122,14-2 Siegel Elementary School7680
2450,594,6,103,Eatons5463
2472,472,3,73,402 Michigan Ave School0508
2481,1083,2,106,401 Howard Elementary School8611
2483,1477,7,181,196471
2491,582,1,84,9A8511
2499,581,5,118,Seymour Primary Sch. 27965
2519,1219,8,149,11-19815
2525,1561,12,214,714835
2546,916,7,123,20-1 Blackman United Methodist Church7693
2553,886,4,130,Bartlett 088058
2571,645,2,119,Collierville 18068
2582,998,5,140,701 Whitten Elementary8622
2589,657,4,101,Montvale0427
2593,1102,8,178,70-E4828
2624,861,4,60,6 Oakland2451
2649,1156,10,158,Spring Hill5951
2653,528,5,99,102 Prospect School0516
2666,1094,7,149,156468
2718,910,3,117,ARL-018051
2720,882,2,146,902 Indian Lake Elementary8620
2738,641,5,103,8A8510
2789,734,8,118,11 Atoka8709
2865,1161,2,150,7-1 Brenthaven Church9722
2889,614,3,114,William Blount Academy0419
2915,1554,8,224,65-E4841
2917,821,7,131,594887
2921,611,3,101,Seymour Intm.Sch. 27968
2953,1314,9,168,11A8506
2978,808,3,103,601 Vol State College8601
3057,970,7,165,634848
3064,915,5,100,Lakeland 18096
3068,1215,16,178,65-W4897
3113,621,2,103,Pigeon Forge 27957
3155,947,6,166,36453
3208,749,6,119,201 E.L. Ross School0504
3208,870,4,144,703 Long Hollow Baptist Church8628
3327,631,6,110,814812
3349,706,4,134,6A8520
3406,1005,5,187,734892
3623,811,9,82,4A8502
3775,1764,11,262,66-S4842
4216,1959,13,258,66-N4805
4646,1253,4,157,614886
